Country,Region indicator,year,Happiness score,Explained by: GDP per capita,Explained by: Social support,Explained by: Healthy life expectancy,Explained by: Freedom to make life choices,Explained by: Generosity,Explained by: Perceptions of corruption,"Log of GDP per person, 2015-2017","GDP per person, 2015-2017","Healthy life expectancy, 2015-2017","Social support, 2015-2017","Freedom to make life choices, 2015-2017","Generosity, 2015-2017, without adjustment for GDP per person","Perceptions of corruption, 2015-2017"
Finland,Western Europe,2018,7.632000000000000,1.305,1.5920000000000000,0.8740000000000000,0.6810000000000000,0.192,0.39300000000000000,10.58847332,39674.87109,71.51750183,0.95614934,0.946693718,0.42138099700000000,0.221270055
Norway,Western Europe,2018,7.594000000000000,1.456,1.5820000000000000,0.861,0.6860000000000000,0.28600000000000000,0.34,11.07193184,64339.67969,71.086586,0.952147007,0.951561332,0.625536561,0.31961032700000000
Denmark,Western Europe,2018,7.555,1.351,1.59,0.868,0.6830000000000000,0.284,0.408,10.73639584,45999.96094,71.31227112,0.9554622770000000,0.9488952760000000,0.579054058,0.193662241
Iceland,Western Europe,2018,7.495,1.3430000000000000,1.6440000000000000,0.914,0.677,0.353,0.138,10.71117878,44854.48047,72.75598145,0.9774973990000000,0.943218648,0.684818447,0.691877782
Switzerland,Western Europe,2018,7.487,1.42,1.5490000000000000,0.927,0.66,0.256,0.35700000000000000,10.95663357,57333.109380000000,73.17375946,0.938522935,0.9291521910000000,0.549966753,0.288247705
Netherlands,Western Europe,2018,7.441,1.361,1.4880000000000000,0.878,0.638,0.33300000000000000,0.295,10.76772881,47464.09375,71.61999512,0.9137107730000000,0.9108868840000000,0.656768739,0.40284854200000000
Canada,North America and ANZ,2018,7.328000000000000,1.33,1.5320000000000000,0.8960000000000000,0.653,0.321,0.29100000000000000,10.66978168,43035.54688,72.19080353,0.931540191,0.923505962,0.6256810430000000,0.40965575
New Zealand,North America and ANZ,2018,7.324,1.268,1.601,0.8760000000000000,0.669,0.365,0.389,10.46938705,35220.62109,71.56855011,0.959618747,0.936796427,0.6825246210000000,0.228876606
Sweden,Western Europe,2018,7.314,1.355,1.501,0.9130000000000000,0.659,0.285,0.38300000000000000,10.75016117,46637.54297,72.74526978,0.919106185,0.928836584,0.580782294,0.23926638100000000
Australia,North America and ANZ,2018,7.272,1.34,1.5730000000000000,0.91,0.647,0.361,0.302,10.70041943,44374.46484,72.65029907,0.948141158,0.918003738,0.694878876,0.38852906200000000
Israel,Middle East and North Africa,2018,7.19,1.244,1.433,0.888,0.46400000000000000,0.262,0.08200000000000000,10.39169025,32587.70117,71.95492554,0.891086698,0.7645106910000000,0.516909897,0.7958710790000000
Austria,Western Europe,2018,7.139000000000000,1.341,1.504,0.8910000000000000,0.617,0.242,0.22400000000000000,10.70491695,44574.48828,72.04956818,0.9201770420000000,0.893371582,0.509860396,0.533494234
Costa Rica,Latin America and Caribbean,2018,7.072,1.01,1.459,0.8170000000000000,0.632,0.14300000000000000,0.10100000000000000,9.64099884,15382.701170000000,69.69971466,0.901704073,0.9053810240000000,0.27467429600000000,0.7609245180000000
Ireland,Western Europe,2018,6.977,1.4480000000000000,1.5830000000000000,0.8760000000000000,0.614,0.307,0.306,11.04609489,62698.63281,71.57515717,0.952267706,0.890615284,0.63651377,0.38212922200000000
Germany,Western Europe,2018,6.965,1.34,1.474,0.861,0.586,0.273,0.28,10.69935513,44327.26172,71.07910156,0.9080210330000000,0.867221892,0.558219731,0.430079073
Belgium,Western Europe,2018,6.9270000000000000,1.324,1.483,0.894,0.583,0.188,0.24,10.64765549,42093.78906,72.14292908,0.911503732,0.864310026,0.42157971900000000,0.502901018
Luxembourg,Western Europe,2018,6.91,1.5760000000000000,1.52,0.8960000000000000,0.632,0.196,0.321,11.45878601,94730.0,72.20130920000000,0.9267026190000000,0.905802071,0.49634555,0.35412144700000000
United States,North America and ANZ,2018,6.886,1.3980000000000000,1.4710000000000000,0.8190000000000000,0.547,0.29100000000000000,0.133,10.886991500000000,53476.17578,69.7709198,0.906464398,0.8345538380000000,0.594430208,0.7003414030000000
United Kingdom,Western Europe,2018,6.814,1.301,1.5590000000000000,0.883,0.5330000000000000,0.354,0.272,10.57631779,39195.52344,71.79316711,0.9425006510000000,0.822235167,0.6742609740000000,0.444424927
United Arab Emirates,Middle East and North Africa,2018,6.774,1.4670000000000000,1.296,0.7760000000000000,0.67,0.284,0.18600000000000000,11.10885906,66759.97656,68.42332458,0.83496052,0.937612772,0.606992126,
Czech Republic,Central and Eastern Europe,2018,6.711,1.2330000000000000,1.489,0.8540000000000000,0.5430000000000000,0.064,0.034,10.35843086,31521.679690000000,70.87612152,0.91413635,0.830621243,0.206805915,0.884560943
Malta,Western Europe,2018,6.627000000000000,1.27,1.525,0.884,0.645,0.376,0.142,10.47640324,35468.60547,71.82951355,0.92867434,0.917005301,0.701128483,0.68407321
France,Western Europe,2018,6.489,1.2930000000000000,1.466,0.9080000000000000,0.52,0.098,0.17600000000000000,10.54893684,38136.87109,72.58893585,0.904789925,0.811832786,0.273441076,0.6223379370000000
Mexico,Latin America and Caribbean,2018,6.4880000000000000,1.038,1.252,0.7610000000000000,0.479,0.069,0.095,9.731403351,16838.16602,67.93598938,0.8172576430000000,0.777239978,0.165230244,0.771834075
Chile,Latin America and Caribbean,2018,6.476,1.131,1.331,0.8080000000000000,0.431,0.19700000000000000,0.061,10.030315400000000,22704.43164,69.43771362,0.849452078,0.736905336,0.38709056400000000,0.834768057
Taiwan Province of China,East Asia,2018,6.441,1.365,1.436,0.857,0.418,0.151,0.078,,,70.97997284,0.8923360710000000,0.725405931,0.37128371,0.802928567
Panama,Latin America and Caribbean,2018,6.43,1.112,1.4380000000000000,0.759,0.597,0.125,0.063,9.968957901,21353.2207,67.87735748,0.893325925,0.8762328620000000,0.27113536,0.830189526
Brazil,Latin America and Caribbean,2018,6.419,0.986,1.474,0.675,0.493,0.11,0.08800000000000000,9.563308716,14232.861330000000,65.24413300000000,0.90800184,0.7892541890000000,0.217360467,0.784572959
Argentina,Latin America and Caribbean,2018,6.388,1.073,1.4680000000000000,0.7440000000000000,0.57,0.062,0.054000000000000000,9.842000961,18807.31055,67.39848328,0.905564666,0.85338968,0.16317381,0.847881675
Guatemala,Latin America and Caribbean,2018,6.382000000000000,0.7810000000000000,1.268,0.608,0.604,0.179,0.071,8.906291962000000,7378.251465,63.14404297,0.823568165,0.8824832440000000,0.27114483700000000,0.816302657
Uruguay,Latin America and Caribbean,2018,6.379,1.093,1.459,0.7710000000000000,0.625,0.13,0.155,9.906208992,20054.50195,68.24829865,0.9016627070000000,0.8997772340000000,0.271785647,0.6599144340000000
Qatar,Middle East and North Africa,2018,6.374,1.649,1.3030000000000000,0.748,0.654,0.256,0.171,11.693157200000000,119749.4844,67.53752136,,,,
Saudi Arabia,Middle East and North Africa,2018,6.371,1.379,1.331,0.633,0.509,0.098,0.127,10.82507515,50265.54688,63.93116379,0.8495545390000000,0.802285314,0.29694277,
Singapore,Southeast Asia,2018,6.343,1.5290000000000000,1.4510000000000000,1.008,0.631,0.261,0.457,11.30852604,81513.67188,75.72083282,0.8985461000000000,0.9052347540000000,0.5887384410000000,0.103113577
Malaysia,Southeast Asia,2018,6.322,1.161,1.258,0.669,0.35600000000000000,0.311,0.059000000000000000,10.12669563,25001.61328,65.05530548,0.8197118640000000,0.67375505,0.5742681620000000,0.837454677
Spain,Western Europe,2018,6.31,1.251,1.538,0.965,0.449,0.142,0.07400000000000000,10.41414165,33327.61719,74.36348724,0.9338828920000000,0.7517195940000000,0.331335902,0.810376465
Colombia,Latin America and Caribbean,2018,6.26,0.96,1.439,0.635,0.531,0.099,0.039,9.48151207,13115.00195,63.98257065,0.8935018780000000,0.821186841,0.19133962700000000,0.873871207
Trinidad & Tobago,,2018,6.192,1.2230000000000000,1.492,0.564,0.575,0.171,0.019,,,,,,,
Slovakia,Central and Eastern Europe,2018,6.173000000000000,1.21,1.537,0.7760000000000000,0.354,0.11800000000000000,0.014000000000000000,10.2827034,29222.76758,68.42314148,0.9336393480000000,0.671541095,0.285165846,0.92114085
El Salvador,Latin America and Caribbean,2018,6.167000000000000,0.8060000000000000,1.2310000000000000,0.639,0.461,0.065,0.08200000000000000,8.984984398,7982.320313000000,64.09542847,0.8084517720000000,0.761672378,0.101884641,0.794663727
Nicaragua,Latin America and Caribbean,2018,6.141,0.6680000000000000,1.319,0.7,0.527,0.20800000000000000,0.128,8.543291092,5132.207031,66.02167511,0.8447380660000000,0.817247272,0.292489469,0.7094884510000000
Poland,Central and Eastern Europe,2018,6.123000000000000,1.176,1.4480000000000000,0.7810000000000000,0.546,0.10800000000000000,0.064,10.17238712,26170.47461,68.57077789,0.8971841340000000,0.833217442,0.259615868,0.828770638
Bahrain,Middle East and North Africa,2018,6.105,1.338,1.3660000000000000,0.698,0.594,0.243,0.12300000000000000,10.69341278,44064.63281,65.97679138,0.8635982870000000,0.8741407990000000,0.510673225,
Uzbekistan,Commonwealth of Independent States,2018,6.096,0.7190000000000000,1.584,0.605,0.7240000000000000,0.32800000000000000,0.259,8.705645561,6036.897949,63.03148651,0.952999771,0.983573198,0.488877624,0.469021022
Kuwait,Middle East and North Africa,2018,6.083000000000000,1.474,1.301,0.675,0.5540000000000000,0.16700000000000000,0.106,11.13002491,68188.07031,65.24454498,0.837385178,0.840411305,0.425504118,
Thailand,Southeast Asia,2018,6.072,1.016,1.4170000000000000,0.7070000000000000,0.637,0.364,0.029000000000000000,9.659890175,15676.0625,66.23813629,0.884689093,0.9102722410000000,0.6172451380000000,0.8928533790000000
Italy,Western Europe,2018,6.0,1.264,1.501,0.946,0.281,0.13700000000000000,0.028000000000000000,10.4569397,34784.9375,73.78293610000000,0.9187664390000000,0.610554516,0.326457053,0.894133627
Ecuador,Latin America and Caribbean,2018,5.973,0.889,1.33,0.736,0.556,0.114,0.12,9.252638817000000,10432.05762,67.14649200000000,0.8490923640000000,0.8419798610000000,0.19847840100000000,0.7248564360000000
Belize,Latin America and Caribbean,2018,5.956,0.807,1.101,0.474,0.593,0.183,0.08900000000000000,8.987882614,8005.488281,58.92390823,0.755414307,0.8727703090000000,0.286091298,0.783099353
Lithuania,Central and Eastern Europe,2018,5.952000000000000,1.197,1.527,0.716,0.35,0.026000000000000000,0.006,10.24080372,28023.64063,66.51541138,0.92958951,0.668457568,0.13911400700000000,0.934920669
Slovenia,Central and Eastern Europe,2018,5.9480000000000000,1.219,1.506,0.856,0.633,0.16,0.051,10.31210327,30094.66797,70.94329071,0.921112299,0.90656358,0.35124775800000000,0.852600038
Romania,Central and Eastern Europe,2018,5.945,1.1160000000000000,1.219,0.726,0.528,0.08800000000000000,0.001,9.979952812,21589.29297,66.85708618,0.80361259,0.817901909,0.214329153,0.945374608
Latvia,Central and Eastern Europe,2018,5.933,1.148,1.454,0.6710000000000000,0.363,0.092,0.066,10.08394718,23955.35547,65.10926056,0.8998319510000000,0.679467142,0.228871495,0.8242026570000000
Japan,East Asia,2018,5.915,1.294,1.462,0.988,0.5530000000000000,0.079,0.15,10.55351734,38311.95703,75.08824158,0.9028106930000000,0.8393359780000000,0.245056108,0.670361459
Mauritius,Sub-Saharan Africa,2018,5.891,1.09,1.3870000000000000,0.684,0.584,0.245,0.05,9.898105621000000,19892.65039,65.51927185,0.872500658,0.865327895,0.45129895200000000,0.8545638320000000
Jamaica,Latin America and Caribbean,2018,5.89,0.8190000000000000,1.493,0.693,0.575,0.096,0.031,9.025864601,8315.400391,65.81879425,0.9157018660000000,0.8580685260000000,0.15667392300000000,0.8888900280000000
South Korea,East Asia,2018,5.875,1.266,1.204,0.955,0.244,0.175,0.051,10.46389961,35027.87891,74.04169464,0.7976124290000000,0.579579115,0.389888555,0.8516999480000000
Northern Cyprus,,2018,5.835,1.229,1.2110000000000000,0.909,0.495,0.179,0.154,,,,,,,
Russia,Commonwealth of Independent States,2018,5.81,1.151,1.479,0.599,0.39900000000000000,0.065,0.025,10.093879700000000,24194.47852,62.83291626,0.909935653,0.710038066,0.188827589,0.899817526
Kazakhstan,Commonwealth of Independent States,2018,5.79,1.143,1.516,0.631,0.45400000000000000,0.14800000000000000,0.121,10.06666183,23544.83594,63.86494446,0.9252342580000000,0.755724132,0.314800054,0.723837793
Cyprus,Western Europe,2018,5.7620000000000000,1.229,1.1910000000000000,0.909,0.423,0.20200000000000000,0.035,10.34348869,31054.179690000000,72.60899353,0.792133808,0.7297756670000000,0.422272146,0.882088602
Bolivia,Latin America and Caribbean,2018,5.752000000000000,0.7510000000000000,1.2230000000000000,0.508,0.606,0.141,0.054000000000000000,8.809252739,6695.913574,59.99578857,0.8053370120000000,0.883693457,0.209027827,0.847298145
Estonia,Central and Eastern Europe,2018,5.739,1.2,1.5320000000000000,0.737,0.5530000000000000,0.086,0.174,10.251012800000000,28311.20117,67.19956207,0.931745052,0.8391595480000000,0.23236893100000000,0.625703633
Paraguay,Latin America and Caribbean,2018,5.681,0.835,1.5220000000000000,0.615,0.541,0.162,0.07400000000000000,9.077331543,8754.573242,63.35182571,0.927525759,0.8288514020000000,0.258835465,0.809968591
Peru,Latin America and Caribbean,2018,5.663000000000000,0.934,1.249,0.674,0.53,0.092,0.034,9.395082474,12029.08203,65.20940399,0.8159274460000000,0.8199674490000000,0.175812826,0.88358295
Kosovo,Central and Eastern Europe,2018,5.662000000000000,0.855,1.23,0.578,0.44800000000000000,0.27400000000000000,0.023,9.14228344,9342.073242,,0.8080847260000000,0.751152515,0.429290354,0.904268086
Moldova,Commonwealth of Independent States,2018,5.64,0.657,1.301,0.62,0.23200000000000000,0.171,0.0,8.50574398,4943.080566,63.51566315,0.8370601530000000,0.569458485,0.22820942100000000,0.946051538
Turkmenistan,Commonwealth of Independent States,2018,5.636,1.016,1.5330000000000000,0.517,0.41700000000000000,0.19900000000000000,0.037000000000000000,9.658661842,15656.81934,60.25896454,0.931915939,0.724600852,0.361354798,
Hungary,Central and Eastern Europe,2018,5.62,1.171,1.401,0.732,0.259,0.061,0.022000000000000000,10.15791893,25794.56055,67.01953888,0.878176928,0.592039645,0.18614788400000000,0.90556103
Libya,Middle East and North Africa,2018,5.566,0.985,1.35,0.5530000000000000,0.496,0.11600000000000000,0.14800000000000000,9.560900688,14198.62891,61.38998795,0.857142568,0.791323543,0.24540957800000000,0.673075855
Philippines,Southeast Asia,2018,5.524,0.775,1.3120000000000000,0.513,0.643,0.12,0.105,8.887071609,7237.792969,60.12985229,0.8418320420000000,0.914903224,0.179394484,0.752503037
Honduras,Latin America and Caribbean,2018,5.504,0.62,1.205,0.622,0.45900000000000000,0.19700000000000000,0.07400000000000000,8.386997223,4389.616699,63.58446121,0.7980360390000000,0.7599447970000000,0.260578573,0.8108274940000000
Belarus,Commonwealth of Independent States,2018,5.483,1.0390000000000000,1.4980000000000000,0.7,0.307,0.10100000000000000,0.154,9.733157158,16867.72266,66.03050995,0.917586327,0.632646799,0.217487231,0.661701798
Turkey,Middle East and North Africa,2018,5.483,1.148,1.38,0.6860000000000000,0.324,0.106,0.109,10.08501816,23981.02539,65.5740509,0.8696483970000000,0.646940053,0.251631469,0.745847404
Pakistan,South Asia,2018,5.472,0.652,0.81,0.424,0.33400000000000000,0.21600000000000000,0.113,8.492357254,4877.349609000000,57.33160782,0.636363983,0.655409873,0.298179924,0.7375201580000000
"Hong Kong SAR, China",,2018,5.43,1.405,1.29,1.03,0.524,0.24600000000000000,0.29100000000000000,,,,,,,
Portugal,Western Europe,2018,5.41,1.188,1.429,0.884,0.562,0.055,0.017,10.21084213,27196.460940000000,71.80517578,0.889680147,0.84693563,0.18234050300000000,0.915970087
Serbia,Central and Eastern Europe,2018,5.398,0.975,1.369,0.685,0.28800000000000000,0.134,0.043,9.527345657,13730.09863,65.5536499,0.86507827,0.616313636,0.250889659,0.867465258
Greece,Western Europe,2018,5.358,1.1540000000000000,1.202,0.879,0.131,0.0,0.044000000000000000,10.10256386,24405.50195,71.64774323,0.7966962460000000,0.484304935,0.08699452100000000,0.8645727040000000
Tajikistan,Commonwealth of Independent States,2018,5.352,0.474,1.179,0.598,0.503,0.214,0.136,7.91971159,2750.977539,62.81214523,0.78732276,0.79769361,0.25016215400000000,0.696459174
Montenegro,Central and Eastern Europe,2018,5.347,1.0170000000000000,1.2790000000000000,0.7290000000000000,0.259,0.111,0.081,9.66409874,15742.175780000000,66.94611359,0.8283559080000000,0.592260122,0.225287452,0.796306431
Croatia,Central and Eastern Europe,2018,5.321000000000000,1.115,1.161,0.737,0.38,0.12,0.039,9.977690697,21540.51172,67.19174194,0.77996558,0.694128335,0.26401490000000000,0.874756753
Dominican Republic,Latin America and Caribbean,2018,5.3020000000000000,0.982,1.4410000000000000,0.614,0.578,0.12,0.106,9.549773216,14041.509770000000,63.33527756,0.89428401,0.860594034,0.23058447200000000,0.751462996
Algeria,Middle East and North Africa,2018,5.295,0.9790000000000000,1.1540000000000000,0.687,0.077,0.055,0.135,9.54070282,13914.72363,65.6048584,0.776976705,0.439177334,0.12898774400000000,0.6983429790000000
Morocco,Middle East and North Africa,2018,5.254,0.779,0.797,0.669,0.46,0.026000000000000000,0.07400000000000000,8.898159027,7318.487793000000,65.04904938,0.631378412,0.761203766,0.035593998000000000,0.8095734720000000
China,East Asia,2018,5.246,0.9890000000000000,1.1420000000000000,0.799,0.597,0.029000000000000000,0.10300000000000000,9.574295998,14390.103520000000,69.15530396,0.77220428,0.876166463,0.09170004,
Azerbaijan,Commonwealth of Independent States,2018,5.2010000000000000,1.024,1.161,0.603,0.43,0.031,0.17600000000000000,9.685745239,16086.65332,62.96974945,0.779933214,0.73573947,0.104108624,0.620859325
Lebanon,Middle East and North Africa,2018,5.199,0.965,1.166,0.785,0.292,0.187,0.034,9.494716644,13289.3291,68.71563721,0.782185674,0.61949873,0.329722315,0.8846238260000000
Macedonia,Central and Eastern Europe,2018,5.185,0.9590000000000000,1.239,0.691,0.39400000000000000,0.17300000000000000,0.052000000000000000,9.47803688,13069.50391,65.73043060000000,0.811981857,0.7060002680000000,0.307578921,0.8498119120000000
Jordan,Middle East and North Africa,2018,5.1610000000000000,0.8220000000000000,1.265,0.645,0.46800000000000000,0.13,0.134,9.035596848000000,8396.723633,64.29178619,0.8224670890000000,0.7676852940000000,0.20645546900000000,
Nigeria,Sub-Saharan Africa,2018,5.155,0.6890000000000000,1.172,0.048,0.462,0.201,0.032,8.610159874000000,5487.125977000000,45.49649048,0.784353793,0.7626679540000000,0.28479078400000000,0.8880432840000000
Kyrgyzstan,Commonwealth of Independent States,2018,5.131,0.53,1.416,0.594,0.54,0.281,0.035,8.097990036,3287.853027,62.68017578,0.884335458,0.828307033,0.368075967,0.8828195330000000
Bosnia and Herzegovina,Central and Eastern Europe,2018,5.129,0.915,1.078,0.758,0.28,0.21600000000000000,0.0,9.335348129,11331.57227,67.83827209,0.74608314,0.609956622,0.363586843,0.946652532
Mongolia,East Asia,2018,5.125,0.914,1.517,0.575,0.395,0.253,0.032,9.332962036,11304.56641,62.10375214,0.925548017,0.706538558,0.42085158800000000,0.888112187
Vietnam,Southeast Asia,2018,5.103,0.715,1.365,0.7020000000000000,0.618,0.177,0.079,8.692094803,5955.64502,66.07466125,0.863339365,0.8942130210000000,0.25137803,0.79990226
Indonesia,Southeast Asia,2018,5.093,0.899,1.215,0.522,0.5380000000000000,0.484,0.018000000000000000,9.284377098,10768.46387,60.43648911,0.801868558,0.8268492820000000,0.775615573,0.9141063690000000
Bhutan,South Asia,2018,5.082,0.7960000000000000,1.335,0.527,0.541,0.364,0.171,8.954587936,7743.336426000000,60.56794357,0.850920916,0.829656422,0.563592196,0.631327808
Somalia,Sub-Saharan Africa,2018,4.982,0.0,0.7120000000000000,0.115,0.674,0.23800000000000000,0.282,,,47.62682343,0.596474707,0.9407939910000000,0.175083295,0.425927848
Cameroon,Sub-Saharan Africa,2018,4.975,0.535,0.8910000000000000,0.182,0.45400000000000000,0.183,0.043,8.114089012,3341.212402,49.73516464,0.66957283,0.7557376030000000,0.22044625900000000,0.866538763
Bulgaria,Central and Eastern Europe,2018,4.933,1.054,1.515,0.7120000000000000,0.359,0.064,0.009000000000000000,9.783441544,17737.5918,66.4154892,0.924724042,0.675944567,0.162422732,0.929407775
Nepal,South Asia,2018,4.88,0.425,1.228,0.539,0.526,0.302,0.078,7.763106823000000,2352.201172,60.94758224,0.8074485660000000,0.816732287,0.381380349,0.802883983
Venezuela,Latin America and Caribbean,2018,4.806,0.996,1.469,0.657,0.133,0.056000000000000000,0.052000000000000000,9.594682693,14686.48145,64.67490387,0.9060027,0.48613455900000000,0.136016473,0.8513434530000000
Gabon,Sub-Saharan Africa,2018,4.758,1.036,1.1640000000000000,0.40400000000000000,0.35600000000000000,0.032,0.052000000000000000,9.72511673,16732.64258,56.71204758,0.781012475,0.673866689,0.107504159,0.851480901
Palestinian Territories,Middle East and North Africa,2018,4.743,0.642,1.217,0.602,0.266,0.086,0.076,8.460144997,4722.742676,62.95491028,0.8027670380000000,0.59805429,0.086062767,0.8055176140000000
South Africa,Sub-Saharan Africa,2018,4.724,0.94,1.41,0.33,0.516,0.10300000000000000,0.056000000000000000,9.415628433,12278.78711,54.38080597,0.881908178,0.808618486,0.194970846,0.843749583
Iran,Middle East and North Africa,2018,4.707,1.0590000000000000,0.7710000000000000,0.691,0.45900000000000000,0.282,0.129,9.796599388000000,17972.52344,65.73571777,0.6207768920000000,0.76056242,0.50422281,0.70802772
Ivory Coast,Sub-Saharan Africa,2018,4.671,0.541,0.872,0.08,0.467,0.146,0.10300000000000000,8.133846283000000,3407.88208,46.52259064,0.661694646,0.7665874360000000,0.160901174,0.7566016320000000
Ghana,Sub-Saharan Africa,2018,4.657,0.5920000000000000,0.8960000000000000,0.337,0.499,0.212,0.029000000000000000,8.297337532,4013.173096,54.60906219,0.671591341,0.793514252,0.27739849700000000,0.893568754
Senegal,Sub-Saharan Africa,2018,4.631,0.429,1.117,0.433,0.406,0.138,0.08200000000000000,7.774437428,2379.004639,57.63000488,0.7621843220000000,0.715303302,0.12219212900000000,0.795054495
Laos,Southeast Asia,2018,4.623,0.72,1.034,0.441,0.626,0.23,0.174,8.708567619,6054.563965,57.8695755,0.727889597,0.900917172,0.371115685,0.626053154
Tunisia,Middle East and North Africa,2018,4.592,0.9,0.9060000000000000,0.69,0.271,0.04,0.063,9.286602974,10792.45996,65.72196198,0.675955236,0.601712465,0.085977875,0.830830932
Albania,Central and Eastern Europe,2018,4.586,0.9160000000000000,0.8170000000000000,0.79,0.419,0.149,0.032,9.338126183,11363.0957,68.87155151,0.639576375,0.726340234,0.259975374,0.886778414
Sierra Leone,Sub-Saharan Africa,2018,4.571000000000000,0.256,0.813,0.0,0.355,0.23800000000000000,0.053,7.219619751000000,1365.969604,43.99452591,0.6378568410000000,0.6729369160000000,0.23596997600000000,0.848775864
Congo (Brazzaville),Sub-Saharan Africa,2018,4.559,0.682,0.8110000000000000,0.34300000000000000,0.514,0.091,0.077,8.586006165,5356.179199,54.78947067,0.6368609670000000,0.806351066,0.11214879900000000,0.8039594290000000
Bangladesh,South Asia,2018,4.5,0.532,0.85,0.579,0.58,0.153,0.14400000000000000,8.106625557000000,3316.368164,62.20355988,0.652717888,0.8617357610000000,0.170758501,0.6811941860000000
Sri Lanka,South Asia,2018,4.471,0.9180000000000000,1.314,0.672,0.585,0.307,0.05,9.34476757,11438.813480000000,65.14221191,0.842643261,0.8663566110000000,0.514083564,0.854016483
Iraq,Middle East and North Africa,2018,4.456,1.01,0.971,0.536,0.304,0.14800000000000000,0.095,9.640294075,15371.863280000000,60.8644371,0.702425718,0.629619598,0.27883327,0.7720163460000000
Mali,Sub-Saharan Africa,2018,4.447,0.37,1.2330000000000000,0.152,0.36700000000000000,0.139,0.056000000000000000,7.584618568,1967.695923,48.77823639,0.80947119,0.683123887,0.111183062,0.843466878
Namibia,Sub-Saharan Africa,2018,4.441,0.8740000000000000,1.281,0.365,0.519,0.051,0.064,9.203362465,9930.463867,55.49542618,0.829156399,0.8109794860000000,0.098181263,0.828175962
Cambodia,Southeast Asia,2018,4.433,0.5490000000000000,1.088,0.457,0.696,0.256,0.065,8.159075737,3494.9548340000000,58.37112808,0.750254333,0.959941328,0.336479425,0.8268034460000000
Burkina Faso,Sub-Saharan Africa,2018,4.4240000000000000,0.314,1.097,0.254,0.312,0.175,0.128,7.404325962000000,1643.077026,51.99110031,0.753720284,0.6363075970000000,0.15245787800000000,0.710499942
Egypt,Middle East and North Africa,2018,4.419,0.885,1.025,0.5530000000000000,0.312,0.092,0.107,9.240495682,10306.14551,61.41292572,0.724412739,0.636678874,0.164250925,0.7498444320000000
Mozambique,Sub-Saharan Africa,2018,4.417,0.198,0.902,0.17300000000000000,0.531,0.20600000000000000,0.158,7.032855511,1133.262085,49.42869949,0.67410183,0.8207151890000000,0.16833351600000000,0.654548347
Kenya,Sub-Saharan Africa,2018,4.41,0.493,1.048,0.45400000000000000,0.504,0.35200000000000000,0.055,7.980463028,2923.284424,58.29691315,0.73378247,0.797864199,0.46963051,0.8448738460000000
Zambia,Sub-Saharan Africa,2018,4.377,0.562,1.047,0.295,0.503,0.221,0.08200000000000000,8.203147888,3652.429688,53.26426315,0.7335602640000000,0.796939313,0.283819616,0.795381129
Mauritania,Sub-Saharan Africa,2018,4.356,0.557,1.245,0.292,0.129,0.134,0.09300000000000000,8.185921669000000,3590.051025,53.18614578,0.814312577,0.48229000000000000,0.147491634,0.774384141
Ethiopia,Sub-Saharan Africa,2018,4.35,0.308,0.95,0.391,0.452,0.22,0.146,7.385899067,1613.077393,56.29846573,0.693872035,0.754294395,0.220371321,0.677075565
Georgia,Commonwealth of Independent States,2018,4.34,0.853,0.5920000000000000,0.643,0.375,0.038,0.215,9.137402534,9296.585938,64.21975708,0.5474483370000000,0.68998462,0.07200601,0.55025655
Armenia,Commonwealth of Independent States,2018,4.321000000000000,0.816,0.99,0.6660000000000000,0.26,0.077,0.028000000000000000,9.018901825,8257.704102,64.96247864,0.710184693,0.592957973,0.122583561,0.8956249360000000
Myanmar,Southeast Asia,2018,4.308,0.682,1.1740000000000000,0.429,0.58,0.598,0.17800000000000000,8.587717056,5365.351074,57.50941849,0.785158336,0.861743927,0.899886489,0.617967665
Chad,Sub-Saharan Africa,2018,4.301,0.358,0.907,0.053,0.18900000000000000,0.18100000000000000,0.06,7.546162128,1893.461914,45.65771484,0.676192522,0.5330722930000000,0.171422482,0.835992634
Congo (Kinshasa),Sub-Saharan Africa,2018,4.245,0.069,1.136,0.204,0.312,0.19700000000000000,0.052000000000000000,6.619260788000000,749.3909302000000,50.42560196,0.7696052790000000,0.6369047760000000,0.12398546200000000,0.8501982690000000
India,South Asia,2018,4.19,0.721,0.747,0.485,0.539,0.172,0.09300000000000000,8.713383675,6083.793457,59.25737381,0.6108657120000000,0.827820241,0.24647080900000000,0.774644315
Niger,Sub-Saharan Africa,2018,4.166,0.131,0.867,0.221,0.39,0.175,0.099,6.818792343000000,914.8794556,50.94501114,0.659665585,0.702045143,0.10746587100000000,0.7640818360000000
Uganda,Sub-Saharan Africa,2018,4.1610000000000000,0.322,1.09,0.237,0.45,0.259,0.061,7.430361271000000,1686.416748,51.45369339,0.7510097030000000,0.7524530890000000,0.28494644200000000,0.8347805140000000
Benin,Sub-Saharan Africa,2018,4.141,0.37800000000000000,0.37200000000000000,0.24,0.44,0.163,0.067,7.610313416,2018.910767,51.561798100000000,0.45777711300000000,0.744072258,0.149063423,0.823281527
Sudan,Sub-Saharan Africa,2018,4.139000000000000,0.605,1.24,0.312,0.016,0.134,0.08200000000000000,8.340058327000000,4188.333984000000,53.82001114,0.812276661,0.387828946,0.157809615,0.7957441210000000
Ukraine,Commonwealth of Independent States,2018,4.103,0.7930000000000000,1.413,0.609,0.163,0.187,0.011000000000000000,8.943782806,7660.119141000000,63.17077637,0.88285476,0.510923445,0.29062029700000000,0.925533473
Togo,Sub-Saharan Africa,2018,3.9990000000000000,0.259,0.474,0.253,0.434,0.158,0.10100000000000000,7.22990799,1380.095459,51.95452881,0.499363661,0.739340305,0.109302483,0.7608093020000000
Guinea,Sub-Saharan Africa,2018,3.964,0.344,0.792,0.21100000000000000,0.39400000000000000,0.185,0.094,7.500808716,1809.5052490000000,50.65055084,0.629381716,0.7058581710000000,0.173848122,0.773457825
Lesotho,Sub-Saharan Africa,2018,3.8080000000000000,0.47200000000000000,1.215,0.079,0.423,0.11600000000000000,0.11200000000000000,7.914381981,2736.35498,46.48040009,0.802021265,0.729934275,0.097547829,0.740821719
Angola,Sub-Saharan Africa,2018,3.795,0.73,1.125,0.26900000000000000,0.0,0.079,0.061,8.741956711,6260.132813,52.46070862,0.765275478,0.374172747,0.10682857,0.83354044
Madagascar,Sub-Saharan Africa,2018,3.7740000000000000,0.262,0.9080000000000000,0.402,0.221,0.155,0.049,7.239486694,1393.37854,56.6400032,0.6764548420000000,0.560127676,0.10584813400000000,0.85706389
Zimbabwe,Sub-Saharan Africa,2018,3.6920000000000000,0.35700000000000000,1.094,0.248,0.406,0.132,0.099,7.544406891,1890.141357,51.796772,0.752728462,0.71566838,0.094643012,0.764015973
Afghanistan,South Asia,2018,3.6320000000000000,0.332,0.537,0.255,0.085,0.191,0.036000000000000000,7.462609768000000,1741.6875,52.01332855,0.525074542,0.44529423100000000,0.179053545,0.879704535
Botswana,Sub-Saharan Africa,2018,3.59,1.0170000000000000,1.1740000000000000,0.41700000000000000,0.557,0.042,0.092,9.661838531,15706.63574,57.10570526,0.7851324680000000,0.842526436,0.119786821,0.77634877
Malawi,Sub-Saharan Africa,2018,3.5870000000000000,0.18600000000000000,0.541,0.306,0.531,0.21,0.08,6.994550705,1090.673584,53.61896133,0.526804507,0.8204407690000000,0.173484012,0.798514843
Haiti,Latin America and Caribbean,2018,3.582,0.315,0.7140000000000000,0.289,0.025,0.392,0.10400000000000000,7.4077959060000000,1648.788208,53.09695053,0.597163141,0.395070165,0.487097681,0.7554755210000000
Liberia,Sub-Saharan Africa,2018,3.495,0.076,0.858,0.267,0.419,0.20600000000000000,0.03,6.640143394,765.2047119,52.38557816,0.656341314,0.726524651,0.14030505700000000,0.891234457
Syria,Middle East and North Africa,2018,3.4620000000000000,0.6890000000000000,0.382,0.539,0.08800000000000000,0.376,0.14400000000000000,,,60.95451355,0.461512834,0.448427856,0.275650412,0.6802555920000000
Rwanda,Sub-Saharan Africa,2018,3.408,0.332,0.8960000000000000,0.4,0.636,0.2,0.444,7.464259148000000,1744.562622,56.58612061,0.671545029,0.909072161,0.193597957,0.12614694200000000
Yemen,Middle East and North Africa,2018,3.355,0.442,1.073,0.34300000000000000,0.244,0.083,0.064,7.814972401,2477.418457,54.79708099,0.743860483,0.579306424,0.033717103,0.8282436130000000
Tanzania,Sub-Saharan Africa,2018,3.303,0.455,0.991,0.381,0.48100000000000000,0.27,0.09700000000000000,7.857804298,2585.8364260000000,55.99565125,0.710566342,0.778706789,0.333040565,0.767235875
South Sudan,Sub-Saharan Africa,2018,3.2540000000000000,0.337,0.608,0.177,0.11200000000000000,0.22400000000000000,0.106,7.480453014,1773.043823,49.57999039,0.5538050530000000,0.46804955600000000,0.255653292,0.751583517
Central African Republic,Sub-Saharan Africa,2018,3.083,0.024,0.0,0.01,0.305,0.218,0.038,6.473706245,647.8804932,44.31241989,0.305565357,0.630962014,0.167455778,0.8758712410000000
Burundi,Sub-Saharan Africa,2018,2.905,0.091,0.627,0.145,0.065,0.149,0.076,6.688570023,803.1729126,48.56855774,0.56173259,0.428722262,0.054393403,0.8064472080000000